User ID,Gender,Age,AnnualSalary,Purchased,Cluster,PCA1,PCA2,Cluster_LogReg
385,Male,35,20000,0,0,-1.5510143422746614,-0.35184824890084154,0
681,Male,40,43500,0,0,-0.9407980514708718,0.6410569008988527,0
353,Male,49,74000,0,0,-0.08602037744965749,-0.5324652769477721,0
895,Male,40,107500,1,1,1.2408845674072466,1.258410495096431,1
661,Male,25,79000,0,0,-1.3471797264465497,0.534797434102985,0
846,Female,47,33500,1,2,0.7901146388757606,1.2453370747537427,2
219,Female,46,132500,1,1,1.903710344953457,-1.040156094100536,1
588,Male,42,64000,0,0,-0.5812153478276592,0.2942832297131508,0
85,Female,30,84500,0,0,-0.974046308809018,-1.394372450005141,0
465,Male,41,52000,0,0,-0.8017926972786986,-0.11602014991774151,0
686,Male,42,80000,0,0,-0.3699069928068447,0.6137481294286401,0
408,Male,47,23000,1,2,0.5244174880052177,-0.32571204865888004,2
790,Female,32,72500,0,0,-0.9326993848647365,1.0557934594838256,0
116,Female,27,57000,0,0,-1.4847914204234145,-1.2530932353788937,0
118,Female,42,108000,1,1,1.359260940002209,-1.358306386904422,1
54,Female,33,149000,1,1,1.3563860609461764,-1.6254433158770534,1
90,Male,35,75000,0,0,-0.8949766953833129,-1.4374506082144707,0
372,Male,35,53000,0,0,-1.1391367020285912,-0.43642489828994147,0
926,Male,46,79000,1,1,1.2268900327522627,1.3975834443528434,1
94,Female,39,134000,1,1,1.5124806999104405,-1.471386201749688,1
338,Female,39,51500,0,0,-0.8499336711719894,-0.48366241710238206,0
134,Female,49,39000,1,2,0.8929207941738593,-1.222681402614553,2
821,Male,54,25500,1,2,0.9978047476041527,1.0960415149768088,2
294,Female,41,61500,0,0,-0.6164091145821787,-0.6484763993365383,0
597,Female,31,117500,0,0,-0.44714406538419865,0.3350858269601654,0
567,Male,24,58000,0,0,-1.6772539630427739,0.23553144140955323,0
20,Male,40,107000,1,1,1.137224690457586,-1.7649928566642414,1
108,Male,40,97500,1,1,1.0280326743622394,-1.4494504578902663,1
105,Female,48,29000,1,2,0.707856687332712,-1.3105232878494566,2
994,Female,38,147500,1,1,1.7251620617506076,1.623165652241823,1
273,Male,45,26000,1,2,0.4337930866242404,-0.7951420436878186,2
263,Male,32,67500,0,0,-1.1394157930011448,-0.829448177840923,0
423,Female,37,62000,0,0,-0.8221321591362504,-0.20178242717915473,0
88,Male,41,79500,0,0,-0.4993198156594535,-1.4519744017860705,0
81,Female,44,113500,1,1,1.5372022183192173,-1.49352171070944,1
257,Female,47,41500,0,0,-0.5315103977915516,-0.7545242830317408,0
755,Female,38,55000,0,0,-0.81626556919498,0.9536539041738925,0
249,Female,39,114500,1,1,1.2854966353006778,-0.9122767661208709,1
121,Male,42,73000,1,1,0.8357898018384353,-1.3758213765945433,1
489,Male,26,15000,0,0,-2.11133848782627,0.01689133665202779,0
555,Female,21,37500,0,0,-2.0196801227028045,0.2897266855846618,0
222,Female,59,39500,1,2,1.474840424888556,-0.9228289918453803,2
590,Female,39,66500,0,0,-0.63400836749049,0.36922867447617763,0
645,Female,43,80500,0,0,-0.22619168246197202,0.5410182123967775,0
689,Male,49,86000,1,1,1.457942712336487,0.5689974511665012,1
646,Male,37,75000,0,0,-0.7199152679463203,0.48335293655321737,0
964,Female,49,76500,0,0,0.09873370303669746,1.6460844337790286,0
384,Male,28,123000,1,1,0.6991077595440187,-0.5218203972068451,1
826,Female,59,48500,1,2,1.6547973607314737,1.1537845785587217,2
27,Female,40,60500,0,0,-0.7152403945906629,-1.5696606479455322,0
268,Female,38,99500,1,1,1.043150517956062,-0.8282230651851427,1
466,Male,51,35500,1,2,0.9137806211383757,-0.14175228814727037,2
411,Female,55,130000,1,1,2.4030452044628046,-0.3769072538816437,1
445,Female,23,56500,0,0,-1.6807771968221787,-0.11399685644894214,0
428,Female,49,43500,1,2,0.9820087717484274,-0.2120226547880668,2
974,Female,49,36000,1,2,0.9488473090465032,1.6839669389700942,2
828,Male,48,21500,1,2,0.6089669196055814,1.1272445957164121,2
348,Female,49,98500,0,0,0.3057157376992857,-0.5092468365753305,0
730,Male,43,59500,0,0,-0.5651854273326382,0.7900749924379131,0
820,Female,35,147000,1,1,1.5297728789551266,1.0235241547661078,1
917,Female,50,109500,1,1,1.919675542485703,1.398298926068684,1
15,Male,48,26500,1,2,0.5810957906876191,-1.688494564492601,2
365,Male,49,88000,1,1,1.4469278343213356,-0.5531510073107694,1
674,Female,38,72500,0,0,-0.6060944499104026,0.6526917590359471,0
30,Male,27,58000,0,0,-1.5672696050856925,-1.621445646676326,0
531,Male,35,22000,0,0,-1.5097129124099793,0.15032548843631804,0
190,Female,35,71000,0,0,-0.8485151241648637,-1.0171097143594539,0
160,Male,43,129000,1,1,1.5981165853934782,-1.308687174278824,1
371,Male,41,45000,0,0,-0.8999308924734037,-0.4324742823964867,0
321,Male,39,42000,0,0,-1.0562437770204425,-0.6009350460093573,0
230,Female,45,40500,0,0,-0.660213141557354,-0.8458998839567602,0
819,Female,51,37500,1,2,1.0635538926790218,1.1457489534092906,2
965,Male,20,86500,0,0,-1.5023345352076884,1.578249443583739,0
351,Female,41,63000,0,0,-0.591276885085138,-0.45328634161081255,0
266,Male,58,41500,1,2,1.362771524716174,-0.8427347417563027,2
629,Female,50,115500,1,1,1.962767833099411,0.3957607462476601,1
891,Female,28,55500,0,0,-1.3607264796797722,1.426745067537085,0
311,Male,34,32500,0,0,-1.4592751706854097,-0.6222434730008929,0
439,Female,57,106500,1,1,2.224996991856383,-0.2526395748901857,1
861,Female,50,53500,1,2,1.212042641107559,1.2720451179128576,2
510,Male,49,28000,1,2,0.7115685408409718,0.0200580131282642,2
277,Male,53,151500,1,1,2.4588140349888326,-0.9350430204591004,1
417,Male,42,88500,1,1,1.0628752976863154,-0.3714668156421019,1
123,Female,27,17000,0,0,-1.9850118620483912,-1.1808423073373264,0
912,Female,59,76000,1,1,2.008807371177023,1.4179604898012037,2
667,Female,51,136500,1,1,2.2866086372674,0.5014904773121386,1
435,Female,49,120500,1,1,1.9472122206080813,-0.28034399560999756,1
722,Female,32,35500,0,0,-1.4036932019409265,0.8652396199791269,0
892,Male,30,44500,0,0,-1.4706481196950816,1.3727476784662405,0
279,Female,27,18500,0,0,-1.948859814508577,-0.6435077870889868,0
500,Female,36,50000,0,0,-1.0204472499150203,0.0791151275790722,0
684,Male,60,144500,1,1,2.8125460169164542,0.47738850278767747,1
414,Male,38,51000,0,0,-0.989753086249215,-0.28997233655242366,0
349,Female,29,38500,0,0,-1.5773958653059459,-0.4263519605558321,0
456,Female,61,103500,1,1,2.4156590089488046,-0.1917531839848906,1
485,Female,33,151500,1,1,1.4356737046773238,-0.13890898322712286,1
960,Male,45,75500,1,1,1.1302509757531376,1.5196602829580956,1
233,Female,26,17000,0,0,-2.0293537939426844,-0.8003142670062796,0
191,Male,30,87000,0,0,-1.0163652393704734,-1.1009741728641924,0
471,Male,38,60500,0,0,-0.8644209326164729,-0.10439405789428728,0
977,Female,28,84000,0,0,-0.9941914787172607,1.6897195063961183,0
120,Female,50,88000,1,1,1.5616731455620123,-1.3303051412278093,1
126,Male,26,80000,0,0,-1.3376201037138662,-1.315734064188389,0
23,Male,39,42000,0,0,-1.089414542442124,-1.6308244382491446,0
225,Male,26,16000,0,0,-2.128199678756703,-0.8966953691250584,0
772,Female,51,21500,1,2,0.8579224136196357,1.0025402919630269,2
398,Male,36,56500,0,0,-1.0358189674277853,-0.3511414565784579,0
367,Male,47,29500,1,2,0.6012661633376597,-0.475217810701066,2
511,Female,18,44000,0,0,-2.1129239037425718,0.13095548877773364,0
775,Male,43,109500,1,1,1.4223357157299352,0.8401844104449673,1
324,Male,61,43500,1,2,1.5640360832571827,-0.6457919948014501,2
829,Female,41,30000,0,0,-0.9513947739181815,1.2383324802329898,0
478,Male,31,58000,0,0,-1.291057449003642,-0.0746256593128256,0
546,Female,29,83000,0,0,-0.9981054625089224,0.20101543875398326,0
942,Female,48,108500,1,1,1.796760985974691,1.4866355680848358,1
571,Female,38,112000,0,0,-0.12282238770659651,0.249265118679327,0
375,Male,59,143000,1,1,2.7027771673283123,-0.5883472058513073,1
905,Female,33,136500,1,1,1.2945495901346502,1.3306350647417582,1
132,Male,35,61000,0,0,-1.0656514882996133,-1.2754777986244739,0
438,Male,28,59000,0,0,-1.4527434327132582,-0.21296473932300353,0
972,Male,30,107000,1,1,0.6773313000971719,1.5287988551982816,1
596,Male,36,99000,1,1,0.8747953746418542,0.23674771911213782,1
395,Male,40,72500,0,0,-0.6094083563803001,-0.3822031343976001,0
663,Female,33,41000,0,0,-1.2847869462419095,0.6543597198083373,0
903,Male,36,23500,0,0,-1.3929314513400723,1.4337894914078755,0
25,Male,49,34500,1,2,0.7389950019209754,-1.6639138232577664,2
599,Female,40,72000,0,0,-0.5075329438429016,0.3933570919976887,0
563,Female,20,23000,0,0,-2.256988169015914,0.3351635989372643,0
607,Female,37,137000,1,1,1.4939860166276164,0.2986748306421199,1
928,Female,47,144000,1,1,2.183253617055765,1.3959667594822003,1
453,Female,36,24500,0,0,-1.3450661388855514,-0.05267954622442894,0
509,Male,40,76500,0,0,-0.546618906869256,0.006975508670403089,0
203,Female,59,88000,1,1,2.0801875503873792,-1.0467644912096086,1
450,Female,36,75000,0,0,-0.7128880516590211,-0.12372191560442514,0
573,Male,42,44500,0,0,-0.8271223323088512,0.2658718711112166,0
662,Male,27,89000,0,0,-1.1086461616554784,0.5255036621063804,0
651,Male,32,77500,0,0,-0.9709771060073153,0.49946691103948127,0
19,Female,48,31500,1,2,0.7295963923960427,-1.6107433705953995,2
634,Female,38,81500,0,0,-0.4978219869921926,0.5036383207070849,0
647,Male,62,145500,1,1,2.9341248379071305,0.34757980470817856,1
693,Male,38,78500,0,0,-0.614259996184926,0.6412124763755583,0
728,Male,40,75000,0,0,-0.5410292193985647,0.7656427404016616,0
520,Male,57,72500,1,2,1.7227331250917568,-0.001787672551999308,2
213,Female,41,114500,0,0,0.03839916805457286,-0.9920908140869128,0
142,Male,22,89500,0,0,-1.443196409765106,-1.270381871411896,0
322,Female,40,74500,0,0,-0.5070536958115882,-0.5669598830898633,0
540,Female,39,56500,0,0,-0.7648238373281839,0.20844316471338487,0
743,Female,39,73000,0,0,-0.5355653012459466,0.8901878187914373,0
887,Female,41,71000,0,0,-0.4314141077077545,1.3895203834844378,0
241,Male,28,32000,0,0,-1.8128465014634354,-0.8613579053431711,0
701,Male,39,62500,0,0,-0.7571831799453961,0.687716545469271,0
848,Male,25,33000,0,0,-1.90251407836826,1.236338037395452,0
782,Male,43,81500,0,0,-0.2838474487046696,0.9433548429432127,0
877,Male,48,74000,1,1,1.2719831751208268,1.2335115245106894,1
924,Male,37,79000,1,1,0.7173918426891648,1.393979172762236,1
83,Male,36,144000,1,1,1.3813172544108026,-1.5902489348511444,1
369,Female,32,16500,0,0,-1.6809609083197723,-0.3319020539321434,0
579,Female,51,121500,1,1,2.0889383856971615,0.21538415193265653,1
583,Male,30,89000,0,0,-0.9476812313388998,0.25137671377158377,0
919,Male,36,39500,0,0,-1.1907506223748883,1.469862008023826,0
957,Male,30,135000,1,1,1.026361365171706,1.443317558382534,1
973,Female,63,110500,1,1,2.6740542295634433,1.5858558718927787,1
521,Male,48,90000,1,1,1.4327562029555896,-0.01604969683712212,1
41,Female,36,78500,0,0,-0.714576903834443,-1.5414329797722444,0
42,Male,31,136500,1,1,0.9998851916855589,-1.721096451439891,1
327,Male,58,61500,1,2,1.6200613239504693,-0.6559479044365953,2
347,Female,22,55000,0,0,-1.7670593635110763,-0.4505155793074061,0
148,Female,46,96000,0,0,0.08238248024248448,-1.1963415107547333,0
443,Female,63,48500,1,2,1.8385098320302447,-0.1713353164645679,2
700,Female,33,28000,0,0,-1.4434933051080543,0.7978510336551574,0
738,Male,35,59000,0,0,-1.0232468255565623,0.8212639773414544,0
527,Male,41,87000,1,1,0.9997458800165779,0.01086343326411834,1
742,Male,26,81000,0,0,-1.2565273564863135,0.8119633413466494,0
175,Female,44,134500,0,0,0.4544276717382198,-1.148551018540914,0
335,Male,39,120500,1,1,1.2847889456813648,-0.6922037357609045,1
996,Male,52,67500,0,0,0.07389886831355666,1.6964527183545686,0
378,Female,53,82000,1,1,1.6850000386395891,-0.43254968081624773,1
655,Male,43,74500,1,1,0.9706036924328805,0.46751538323220027,1
104,Male,51,23000,1,2,0.7169235514795347,-1.3778075745984675,2
221,Female,55,125000,1,1,2.319271106139335,-1.0275407796340637,1
786,Female,60,35500,1,2,1.5441062064405469,1.0307960062486994,2
536,Female,38,59500,0,0,-0.7842802851147831,0.19138225529228792,0
460,Male,24,19000,0,0,-2.1776389015939817,-0.08740363553412622,0
710,Female,56,106500,1,1,2.1985761781932665,0.6843052176241023,1
524,Female,56,36500,1,2,1.30112294144067,0.12559141548363056,2
890,Male,37,70000,1,1,0.6008823440622151,1.287288265367124,1
46,Female,61,109500,1,1,2.4451713217724285,-1.6159239337832771,1
95,Male,44,81500,0,0,-0.30373213307987373,-1.4312878931004431,0
78,Female,45,110500,1,1,1.5558794870522867,-1.5006528339919623,1
402,Female,55,40500,1,2,1.2810567515543945,-0.30047951761049546,2
264,Male,51,143500,0,0,0.8877321066981705,-0.924287076234678,0
34,Male,50,66500,0,0,-0.15887993474510556,-1.6262872508395834,0
522,Female,26,118000,0,0,-0.7321607879480269,0.07712237245767907,0
156,Male,19,19000,0,0,-2.49440840559604,-1.1361914237204296,0
850,Male,43,80500,0,0,-0.2888032712730607,1.1795646330189624,0
99,Male,31,90500,0,0,-0.9261822373863062,-1.4234992824422892,0
462,Male,39,62500,0,0,-0.7837865790587581,-0.1382685711257266,0
979,Female,53,46500,0,0,-0.049001646415595373,1.732498569693547,0
432,Female,44,65500,0,0,-0.38118967153833716,-0.17745622339293554,0
69,Male,47,25000,1,2,0.5117329405896462,-1.4997005772153347,2
943,Female,59,83000,0,0,0.7436703458767832,1.562023501005439,0
381,Female,42,52500,0,0,-0.6628637725483637,-0.3373582678432648,0
958,Male,38,54500,0,0,-0.8853622758512727,1.5858890516439106,0
954,Female,41,80000,0,0,-0.3112313363998803,1.6102594450537544,0
612,Male,35,88000,0,0,-0.674047323528175,0.3509646895562971,0
267,Male,52,90500,1,1,1.6370903263564553,-0.8959457253711541,1
785,Female,51,133500,1,1,2.262168398333151,0.9129034457520648,1
557,Male,20,49000,0,0,-2.0174366872852176,0.21325475180926173,0
935,Male,45,32000,1,2,0.5826311059312284,1.4855242148394743,2
805,Male,62,132500,1,1,2.788887145537709,0.9092476838604158,1
554,Female,54,144500,1,1,2.543988907745394,0.10024759106360187,1
990,Female,49,132500,1,1,2.159289874627181,1.623320928718424,1
345,Female,20,82000,0,0,-1.542279590467891,-0.48913229017034904,0
172,Male,43,63500,0,0,-0.5771971669604194,-1.143181504041524,0
429,Female,27,16500,0,0,-1.9572131015383,-0.12270414153024983,0
948,Female,23,64500,0,0,-1.52458769212572,1.6147617144721034,0
89,Female,58,95000,1,1,2.0985868223988824,-1.448791804078516,1
139,Male,61,43500,1,2,1.5434434939853334,-1.285152859111385,2
332,Male,21,50500,0,0,-1.9671080683520352,-0.5665160343707021,0
70,Female,34,42500,0,0,-1.275420883265703,-1.3972207856476058,0
868,Female,19,87500,0,0,-1.4717625103606535,1.3121175815652617,0
747,Male,42,60500,0,0,-0.6073543189925743,0.8479931258945711,0
542,Female,47,75500,0,0,-0.07393700160683733,0.18958698743549846,0
882,Male,20,77500,0,0,-1.624298287209344,1.3022143072632928,0
744,Male,36,80500,0,0,-0.6967054875176553,0.8158008227119494,0
498,Male,40,78500,0,0,-0.5227933500623054,-0.03344348748789587,0
934,Male,40,146500,1,1,1.7337003380098825,1.34633725434781,1
253,Female,55,105500,1,1,2.0785957524461263,-0.8935199186545549,1
620,Female,40,64500,0,0,-0.5991328355595332,0.4749442329844114,0
778,Female,28,55000,0,0,-1.379567151088086,1.0368172757989569,0
796,Male,36,76500,0,0,-0.7410172623307159,1.0003189551869158,0
532,Female,51,45500,0,0,-0.22445513339316375,0.18960100655137735,0
242,Male,48,33000,1,2,0.6877758926409023,-0.9117910744533676,2
504,Female,24,29500,0,0,-1.9557984003078095,0.1219796471319314,0
569,Male,30,149500,1,1,1.1647849458434618,0.08496639610763652,1
1000,Female,40,76500,1,1,0.9497279511345106,1.7284711666642911,1
401,Female,62,90500,1,1,2.3032981852574577,-0.3665818263740968,1
229,Male,57,60000,1,2,1.5337791572615715,-0.9924666272950592,2
91,Male,31,74000,0,0,-1.133735071263081,-1.4313230254909504,0
135,Female,27,31000,0,0,-1.8083262592905778,-1.1561908646422612,0
906,Male,42,104000,1,1,1.3114438731529354,1.29989664699584,1
605,Male,49,90500,1,1,1.5049550210204659,0.27328643299755206,1
613,Male,36,92500,1,1,0.7952752282687399,0.3033093690276295,1
196,Male,45,66500,0,0,-0.42377837604077573,-1.0645768618992388,0
167,Female,31,34000,0,0,-1.54084462969596,-1.0506732379584744,0
698,Male,42,98500,1,1,1.2194036762904805,0.5876557733401236,1
565,Female,32,90500,0,0,-0.7322945965657118,0.2565659053939897,0
669,Male,28,59500,0,0,-1.4207680286883058,0.5847716037047048,0
715,Male,37,61500,0,0,-0.8813221606833832,0.738037136094021,0
258,Female,58,38000,1,2,1.4034739715100788,-0.7962430886631342,2
604,Female,57,28500,1,2,1.266414094937918,0.41131604188983634,2
517,Female,51,37500,1,2,1.0299378820838945,0.10203554248172042,2
228,Female,27,36500,0,0,-1.7290868611646777,-0.8413905282602888,0
987,Male,20,20500,0,0,-2.326535060873274,1.7335787236741564,0
885,Male,50,36500,1,2,0.9163588694097013,1.3054797234315174,2
415,Female,21,83500,0,0,-1.4591141399931111,-0.24938169812636185,0
357,Female,57,110500,1,1,2.2659694278686033,-0.5408378475235195,1
254,Male,40,77500,0,0,-0.5624782961594368,-0.8755071550591728,0
235,Female,21,24500,0,0,-2.2181246132989503,-0.800575668453096,0
282,Male,30,44500,0,0,-1.5385480086455037,-0.7354151714205736,0
128,Male,42,73500,0,0,-0.5134311328627339,-1.3068929070245858,0
703,Female,40,60000,0,0,-0.6462564555368734,0.767199246481415,0
131,Male,42,65000,0,0,-0.6195596183768324,-1.286312377749435,0
119,Male,43,73500,1,1,0.8984158486742355,-1.3837016485471905,1
921,Female,42,136500,1,1,1.805606138304807,1.3826234017396037,1
881,Female,49,36500,1,2,0.9447578540223791,1.3619577682874293,2
182,Male,21,72000,0,0,-1.7145174662415403,-1.1107483914066882,0
112,Female,58,127500,1,1,2.50820917394748,-1.4083515490858498,1
342,Female,29,88500,0,0,-0.9519255185113427,-0.5106176124318863,0
397,Male,27,81500,0,0,-1.2320810832734554,-0.3813265330833372,0
35,Female,42,53000,0,0,-0.6951149847929087,-1.5337366205281653,0
145,Female,38,80000,0,0,-0.5710406952213355,-1.1845457552991385,0
941,Female,34,150500,1,1,1.5304928380971774,1.4378630931464862,1
736,Female,42,79000,0,0,-0.29143601470557506,0.8576843725360314,0
68,Female,35,44500,0,0,-1.1940073506544586,-1.406903266175426,0
641,Male,35,116500,0,0,-0.31385706628726023,0.41694686211443144,0
668,Female,26,43000,0,0,-1.6552836278894694,0.6718094833203886,0
673,Male,38,81500,0,0,-0.578911250501265,0.5684879657863003,0
768,Female,42,81500,0,0,-0.2565615770256053,0.9652728410796686,0
117,Female,39,75000,1,1,0.7760664191569551,-1.3210112236714657,1
633,Male,47,43000,0,0,-0.556300269662406,0.4731967279179677,0
418,Female,28,44000,0,0,-1.55741411238476,-0.1941282098835222,0
993,Female,44,139000,1,1,1.9581053760473137,1.6277170043270017,1
902,Male,58,75500,1,2,1.8594151848707212,1.314434168563841,2
331,Female,32,119500,1,1,0.9611458947928299,-0.6323190600193547,1
918,Female,34,29500,0,0,-1.3438537832157949,1.5490903171470929,0
622,Female,45,131000,1,1,1.8731951362385943,0.3547835236857438,1
86,Male,31,88500,0,0,-0.9526792652339291,-1.4660243984106844,0
392,Male,49,89000,1,1,1.4624582297590547,-0.4610403535516869,1
162,Male,45,56500,0,0,-0.5528128651846882,-1.1700662969109021,0
978,Male,26,81500,0,0,-1.2239953959945542,1.626979707734086,0
624,Male,57,61500,1,2,1.5965346039147479,0.3708530095482784,2
640,Male,56,133000,1,1,2.4372662324073175,0.34061133529985743,1
26,Female,47,47000,0,0,-0.4883358587147283,-1.5594694603601411,0
741,Female,43,54500,0,0,-0.5411555517403116,0.9040329428732209,0
704,Male,34,44500,0,0,-1.2652299461908483,0.7215486944723419,0
199,Female,20,27500,0,0,-2.2411430224731124,-0.9282287273764521,0
130,Female,38,149500,1,1,1.6540390853203284,-1.3652253290860699,1
179,Male,50,29500,1,2,0.7500981626778513,-1.1260492682779326,2
427,Female,49,141000,1,1,2.203084035858925,-0.3326222168462607,1
275,Male,49,81500,1,1,1.3554973795585572,-0.8563818572934565,1
330,Female,35,77000,0,0,-0.7577815999924993,-0.5404778945877627,0
813,Female,28,32500,0,0,-1.6574835424520986,1.1848105679446486,0
390,Female,27,73500,0,0,-1.247629782512521,-0.3259722495927041,0
774,Female,38,113000,1,1,1.2685614043758997,0.9042954216427717,1
469,Male,49,28000,1,2,0.7070047778131565,-0.12163817842150523,2
652,Male,55,71500,1,2,1.6117288769704086,0.4563414693623312,2
729,Male,40,79500,0,0,-0.48455545077887147,0.7636921193480881,0
648,Female,20,82000,0,0,-1.5085522685794028,0.5580371254291666,0
92,Female,25,33500,0,0,-1.8949725169407923,-1.3070676936604804,0
904,Male,27,82500,0,0,-1.1631212670222897,1.3696663632096318,0
614,Female,51,98500,1,1,1.8047594990746674,0.36397818027007256,1
756,Female,27,137000,1,1,0.9447096576980405,0.817294790932329,1
316,Female,39,113500,0,0,-0.0758331075742544,-0.6341858076590047,0
325,Female,37,78000,1,1,0.7236217913989199,-0.605031616223065,1
953,Male,60,34000,1,2,1.4584773027062834,1.5398164579121245,2
675,Male,31,18500,0,0,-1.7638662496314814,0.6536654202066805,0
373,Female,47,51000,1,2,0.9566517311626899,-0.41037890178687675,2
879,Male,36,73500,0,0,-0.769353396532612,1.2907717601087463,0
806,Female,20,36000,0,0,-2.0671146480085922,1.1593535932352113,0
770,Male,40,43500,0,0,-0.9308913463617119,0.9486413167020108,0
387,Female,36,98500,1,1,0.9306992230210163,-0.41502198400610474,1
394,Female,60,43500,0,0,0.24440949456542024,-0.2882324311635014,0
911,Female,45,140500,1,1,2.024351509931169,1.3421548862352584,1
922,Male,46,59000,0,0,-0.3803176317736157,1.4531260463920976,0
419,Male,38,24500,0,0,-1.3211087784819187,-0.24085329503130515,0
426,Female,41,72000,0,0,-0.47020362343037303,-0.20489924266593107,0
10,Male,24,64500,0,0,-1.657841915084787,-1.69727273135656,0
547,Male,42,79500,0,0,-0.39164175784255334,0.13396421621992655,0
174,Male,19,25000,0,0,-2.4172548592137595,-1.081192173926101,0
467,Male,28,91500,0,0,-1.0424532134044928,-0.151788456298664,0
502,Male,57,134500,1,1,2.4972789338629373,-0.13848704442083948,1
553,Male,33,19500,0,0,-1.6517488885765197,0.23009632501180605,0
293,Male,28,89000,0,0,-1.093133854741774,-0.7501295882585761,0
719,Female,59,96500,1,1,2.2440865971560173,0.7263214042550051,1
759,Male,43,66500,0,0,-0.47428246620642045,0.8818888212401945,0
740,Male,42,136500,1,1,1.700028390256238,0.687152018990788,1
87,Male,19,85000,0,0,-1.6754395107184372,-1.4539529233922899,0
753,Female,61,49500,1,2,1.7723689751611416,0.8995597122891813,2
389,Male,50,75500,0,0,-0.006639510949163239,-0.41021884374993517,0
792,Female,34,43000,0,0,-1.1887916342003286,1.0974138513053904,0
783,Male,44,74500,0,0,-0.3148248968660053,0.9548536278822676,0
487,Female,48,51500,1,2,1.0321898880284064,-0.01736263179383467,2
84,Male,37,74000,0,0,-0.7949972053323602,-1.4577202166967589,0
59,Female,37,51500,0,0,-0.9941618703478886,-1.4471526677411404,0
153,Male,39,106000,1,1,1.082917927793641,-1.3037752364949968,1
920,Female,42,31500,0,0,-0.8658917862828133,1.5506591703878347,0
535,Male,63,104500,1,1,2.464719536019232,0.009400122754636999,1
883,Female,46,41000,1,2,0.8315844114433087,1.364565731156896,2
750,Male,38,71500,1,1,0.6606724229311121,0.8012778763025358,1
320,Female,52,143500,1,1,2.3922447262537925,-0.7065209769541559,1
458,Female,51,89500,1,1,1.6746700226576332,-0.16434529710240225,1
396,Female,26,15000,0,0,-2.03626003415871,-0.23458256071224992,0
416,Female,32,69500,0,0,-1.0119047801327683,-0.23314787067348142,0
575,Male,38,63500,0,0,-0.8152695865560049,0.2514260108377086,0
659,Female,48,114500,1,1,1.8404098330552057,0.5013774116235397,1
208,Female,41,52500,0,0,-0.7387068004639186,-0.9348795496728213,0
534,Male,52,88500,1,1,1.6417604606500098,0.029210466805217532,1
97,Female,61,47500,1,2,1.6742987856821723,-1.3651764077402324,2
628,Female,62,44500,0,0,0.3961536760570216,0.5185361368542563,0
682,Female,48,30000,1,2,0.7846082941191721,0.6823899354797036,2
970,Female,34,70500,0,0,-0.8245409847655358,1.6795421923668672,0
496,Male,29,43000,0,0,-1.5901010518056609,0.006339563367988726,0
762,Male,38,80500,1,1,0.7747330731041122,0.8319366809148444,1
495,Female,50,52500,1,2,1.158777717220343,0.008348880364218318,2
574,Female,58,34500,1,2,1.3948108734028952,0.30005954101374477,2
514,Female,34,72000,0,0,-0.8565114487628662,0.1018018533845022,0
873,Male,24,21500,0,0,-2.1003548611433387,1.3369226130207836,0
867,Female,42,73500,0,0,-0.34574168311853315,1.3170290826698725,0
272,Female,38,79500,0,0,-0.5631666562229257,-0.7450324257703237,0
383,Male,48,24500,1,2,0.5970083656106697,-0.4142819004497245,2
178,Male,46,27500,1,2,0.49859217369439796,-1.1256322225148545,2
739,Female,50,44000,0,0,-0.27678735560685047,0.9071637086363203,0
47,Female,48,48500,0,0,-0.41062466161465433,-1.4890630972414882,0
625,Female,29,56500,0,0,-1.3212241190328864,0.505878825999076,0
801,Male,38,73500,0,0,-0.6648633290867139,1.0204683428629264,0
615,Male,61,35500,1,2,1.4962277454896333,0.36951714380230816,2
606,Male,43,55500,0,0,-0.6290879897772959,0.366336302650454,0
206,Female,40,139500,1,1,1.650421186774248,-1.0912893030177806,1
997,Female,41,143500,1,1,1.8451545560549658,1.6372369765403598,1
216,Male,36,59500,0,0,-1.0185026512686626,-0.9837387240229026,0
898,Female,45,45000,1,2,0.8267678687475379,1.4119674381193168,2
77,Male,19,70000,0,0,-1.8644274814064905,-1.4704908843600153,0
529,Female,43,133000,0,0,0.41845820964865105,0.07704437032003157,0
769,Male,38,61000,0,0,-0.8249876719363101,0.924894598153776,0
845,Female,55,92500,1,1,1.9816671613955295,1.1680539881220715,1
239,Female,54,104000,1,1,2.001663734399582,-0.9397342490695886,1
459,Male,25,87000,0,0,-1.2694646835698407,-0.17292728869761498,0
949,Male,31,76000,0,0,-1.0131800005251195,1.5315260382714737,0
552,Male,60,42000,1,2,1.5140413982040841,0.14434680539435052,2
317,Female,38,81500,0,0,-0.5331076669877397,-0.5919151602996693,0
692,Female,36,72500,0,0,-0.7172631949579817,0.7156348959650308,0
683,Female,45,92500,1,1,1.3977729902305744,0.6118564954371999,1
209,Female,54,148500,1,1,2.5556864736035796,-1.0968799102914237,1
187,Male,29,60500,0,0,-1.4053089074074707,-1.0825916469735524,0
170,Female,23,28000,0,0,-2.068350032229985,-1.030156178305693,0
244,Male,46,88000,1,1,1.2637006453324877,-0.9702249933650919,1
512,Male,26,30000,0,0,-1.920903470324519,0.078357358355046,0
679,Female,39,81500,0,0,-0.4362268046268903,0.6587910045276051,0
838,Male,45,151500,1,1,2.0685702772522148,1.0067158118386317,1
224,Female,36,51500,0,0,-1.032381681107308,-0.8765443704530855,0
600,Female,40,62500,0,0,-0.6264090424606855,0.40822708431239685,0
808,Male,25,85500,0,0,-1.2494045279621744,1.0350205503865713,0
171,Female,52,147500,1,1,2.425759305610802,-1.2262715626078446,1
220,Female,30,116000,0,0,-0.5644820829209124,-0.9656581993711197,0
956,Male,29,43000,0,0,-1.5388978568594411,1.5961017124629633,0
936,Male,40,65000,0,0,-0.6431263755490311,1.496506436000833,0
333,Male,20,71500,0,0,-1.7605581303664999,-0.5879234233341476,0
854,Male,25,80000,0,0,-1.313171656310847,1.2006048634050366,0
58,Female,43,81500,1,1,1.0772561878650595,-1.5341951754767988,1
716,Female,53,91500,1,1,1.8416106657068696,0.7241659106586011,1
773,Female,46,135500,0,0,0.6466891640133517,0.9162032500650406,0
835,Female,56,84500,1,1,1.9369402984902562,1.1427381940531733,1
350,Female,26,80000,0,0,-1.2272559700507595,-0.4716544805459129,0
164,Male,31,18000,0,0,-1.8270088157976112,-1.1117522309657948,0
379,Female,62,31500,1,2,1.5618748963027114,-0.3717270585334266,2
637,Male,42,149000,1,1,1.8451257085020525,0.31616513298728294,1
841,Male,48,34500,1,2,0.7732388431397934,1.1565535154668718,2
205,Female,36,66500,0,0,-0.8466217379267338,-0.9602305449717825,0
243,Female,31,89000,0,0,-0.8435104929675513,-0.8540978639802876,0
361,Female,37,55500,0,0,-0.9104458976849111,-0.4082451463473651,0
269,Female,41,57500,0,0,-0.6692918589840631,-0.7300706266013836,0
31,Female,28,59500,0,0,-1.4063542299026806,-1.5502248398699225,0
745,Male,33,43000,0,0,-1.3360398431025187,0.865414621014316,0
880,Male,63,36500,1,2,1.6514225770754365,1.2834218566503794,2
938,Female,50,36000,1,2,1.0014262766495363,1.559183244363021,2
910,Female,34,25000,0,0,-1.4011067308890175,1.526848905497047,0
284,Male,29,33500,0,0,-1.7326864559094117,-0.7149194394417151,0
71,Male,42,46500,0,0,-0.8579506205423224,-1.4714454189723698,0
143,Male,28,90500,0,0,-1.091043062970532,-1.270332497625588,0
452,Male,21,88000,0,0,-1.484063568762574,-0.19685068811655676,0
252,Female,53,34000,1,2,1.0697752708618518,-0.8103355950758553,2
810,Female,38,65000,0,0,-0.6848935428904793,1.1317194372964137,0
541,Female,21,68000,0,0,-1.6392262700425022,0.20469771248223806,0
237,Male,41,66500,0,0,-0.6455593096691272,-0.9214105646813436,0
931,Female,43,112000,1,1,1.556443157736877,1.4462519954365214,1
664,Male,47,89500,1,1,1.385825048483739,0.47912723385985395,1
616,Male,38,57500,0,0,-0.8858557666299656,0.4003310366881702,0
566,Female,29,45500,0,0,-1.4655663810277952,0.31519074657222146,0
853,Male,38,71000,0,0,-0.6903876181243302,1.2031842667627195,0
169,Female,47,107000,1,1,1.6353436962668837,-1.1826863083369055,1
472,Female,41,72000,0,0,-0.46508330393575104,-0.0459230277564336,0
865,Female,29,85500,0,0,-0.931284683634246,1.300477248146007,0
791,Female,37,146000,1,1,1.6271922092587683,0.9237664388290713,1
878,Male,41,61500,0,0,-0.6368337232093169,1.2998957919530274,0
271,Female,36,148500,1,1,1.5440366388392326,-0.8759921451242291,1
763,Male,26,32000,0,0,-1.8679143546568953,0.9434115862464932,0
98,Male,32,75500,0,0,-1.0575822322700656,-1.4093007277795357,0
621,Female,26,72000,0,0,-1.2972905336855358,0.4745345646189333,0
113,Male,42,80500,0,0,-0.42742586864441545,-1.3671432837879105,0
576,Male,61,103500,1,1,2.3435859602020015,0.1530328395219182,1
862,Female,53,139500,1,1,2.459061659351834,1.1710719183571205,1
896,Male,43,77500,0,0,-0.3212579233293267,1.3421452650788057,0
32,Female,47,50000,1,2,0.9061695896095077,-1.5876750225368763,2
871,Male,31,50500,0,0,-1.3412495395898523,1.2925952196376593,0
944,Female,49,84500,0,0,0.1967074013051717,1.567352561272527,0
888,Female,37,127500,1,1,1.4062770801510098,1.2812261311015951,1
761,Female,52,90000,1,1,1.7712460139686443,0.8818558558883576,1
533,Male,46,23000,1,2,0.4817452255113444,0.10665606175135103,2
245,Male,23,19500,0,0,-2.2518945085722315,-0.8306778497771222,0
102,Male,31,16500,0,0,-1.8526976017614587,-1.3242223120512486,0
961,Male,35,72000,0,0,-0.8355995304164672,1.5763338782004899,0
976,Female,19,26000,0,0,-2.2300278074708313,1.7592566377174812,0
685,Male,32,120000,1,1,0.9213821839510632,0.5205713205309992,1
2,Female,38,63500,0,0,-0.793620553701892,-1.6589301290604552,0
858,Female,40,82500,0,0,-0.34719091843420474,1.275846842005387,0
434,Female,19,69500,0,0,-1.7455214409848059,-0.16616194315705068,0
849,Female,22,63000,0,0,-1.6109811701079788,1.274786986941694,0
66,Female,59,106500,1,1,2.2966502277606837,-1.5424643703599563,1
795,Female,46,46500,1,2,0.8906764654708048,1.0538292219167158,2
876,Male,48,44500,0,0,-0.4538779654361128,1.3108361282085432,0
843,Male,46,131500,1,1,1.8752131975438102,1.0476577564503022,1
537,Female,41,51000,0,0,-0.7208728707234793,0.2039481959724529,0
851,Female,58,47000,1,2,1.5822064831260219,1.2423544303495662,2
163,Male,39,146500,1,1,1.591293156664242,-1.3178748213052132,1
141,Female,57,105500,1,1,2.179301235917739,-1.2813274947465247,1
339,Male,35,79000,0,0,-0.8171602212684868,-0.5817113344338124,0
262,Female,39,59000,0,0,-0.7644559005902319,-0.7553298150461127,0
210,Male,44,130500,1,1,1.6790558100010313,-1.1380566756737487,1
261,Female,34,114500,0,0,-0.3523611090123743,-0.8236299049143034,0
720,Female,61,25500,1,2,1.4680959300731133,0.8143468953177454,2
725,Female,38,58500,0,0,-0.775767441186451,0.8457686106734543,0
430,Female,42,75000,0,0,-0.375597232541998,-0.19504716754552626,0
425,Female,30,29500,0,0,-1.6250749474991057,-0.15324988045395993,0
506,Female,28,37000,0,0,-1.6352936521877,0.1184105079318312,0
421,Female,53,39500,1,2,1.1574743272832142,-0.23287890362601732,2
157,Male,25,24500,0,0,-2.0858926014751336,-1.1415486756596411,0
214,Female,60,46000,1,2,1.6119485470659642,-0.9586541261303931,2
149,Male,52,24500,1,2,0.7973062196202809,-1.2244570993531203,2
609,Male,40,123500,1,1,1.4094493857773036,0.2507696007848112,1
754,Female,33,69000,0,0,-0.9239578840710725,0.935214918218823,0
259,Male,27,17500,0,0,-2.0490414348429313,-0.7813609452711128,0
309,Female,56,126500,1,1,2.4044401598946195,-0.7255821034950558,1
246,Female,38,50000,0,0,-0.935547970100719,-0.7994451119291724,0
5,Male,41,108500,1,1,1.2109286809966515,-1.81900266173563,1
138,Female,43,74500,0,0,-0.3577764512979511,-1.2039673219789473,0
140,Male,47,80500,1,1,1.2147730161097292,-1.3210059627885997,1
236,Female,38,94500,1,1,0.9769636039836855,-0.9328078527701582,1
777,Female,52,138000,1,1,2.3742265394766338,0.8794812562339495,1
708,Female,27,96000,1,1,0.42584210442122694,0.7006669344003372,1
765,Male,40,57000,0,0,-0.7623605308495227,0.9151414161657253,0
334,Female,46,22000,0,0,-0.8237629174475413,-0.4646156853976487,0
198,Male,32,18000,0,0,-1.7666380576592837,-0.9946155985366764,0
852,Female,32,117000,0,0,-0.36843600667149473,1.2166002280809856,0
490,Male,40,59000,0,0,-0.7679211554899679,-0.03766281338621098,0
548,Female,39,56500,0,0,-0.7639333469812931,0.23609120208894963,0
22,Female,56,131500,1,1,2.435118771284726,-1.7234628062606852,1
587,Female,30,79000,0,0,-0.9870554873849161,0.347149993420516,0
96,Male,41,76500,0,0,-0.5360042968634506,-1.4207219472601595,0
690,Female,61,40500,1,2,1.6526314490267129,0.6926446694076469,2
463,Male,56,74500,1,2,1.6848521882400436,-0.20081535720276417,2
799,Male,35,39000,0,0,-1.2669566470007732,1.0561097099991101,0
194,Female,48,131000,1,1,1.9953124251720624,-1.125489055158066,1
836,Female,36,63000,0,0,-0.8202217786250929,1.2247135563679594,0
314,Female,38,138500,1,1,1.5367454676122276,-0.7161042732301445,1
43,Female,51,146000,1,1,2.336137800121064,-1.6664704256246763,1
913,Female,59,29000,1,2,1.4202441281731393,1.4778856964952383,2
72,Female,28,85500,0,0,-1.0761407134338363,-1.4397669302898193,0
975,Male,40,72500,1,1,0.8114148027824613,1.5769424022727834,1
270,Male,23,63000,0,0,-1.7042746387503223,-0.7965417816585009,0
315,Male,56,40500,1,2,1.242528439245834,-0.6714539876134568,2
176,Male,41,73500,0,0,-0.5646743649454309,-1.1406371563541657,0
49,Male,26,91500,0,0,-1.2021536823576195,-1.5956633563378597,0
36,Male,20,26500,0,0,-2.3572421577581397,-1.560290553646798,0
297,Male,24,84000,0,0,-1.3816582588093087,-0.7288281019854239,0
985,Female,50,40500,1,2,1.0630203647638516,1.7162088382189449,2
158,Male,42,65000,0,0,-0.616554213456076,-1.193000251606904,0
658,Female,27,58000,0,0,-1.4119357089046012,0.6188598244321705,0
341,Female,23,66000,0,0,-1.5733661614206136,-0.4848353299740468,0
718,Female,47,83500,0,0,0.04585371016046111,0.7882320306303338,0
550,Male,49,91500,1,1,1.5113578904025544,0.0820047036570956,1
901,Female,35,73500,0,0,-0.7380603182925392,1.4371059264352435,0
151,Female,57,26000,1,2,1.184677602752821,-1.151250393542897,2
285,Male,39,96000,1,1,0.9723611133477124,-0.8355678959636913,1
570,Female,31,80500,0,0,-0.9135741194325734,0.2862281790052362,0
833,Female,59,24500,1,2,1.3549767673778994,1.2068119484651096,2
127,Male,40,81500,1,1,0.8297477406647025,-1.3645628109881207,1
76,Female,43,109500,1,1,1.4299595256205182,-1.5056283181183414,1
915,Female,42,70000,0,0,-0.38423620784655776,1.4871224602653317,0
549,Female,35,50000,0,0,-1.071579170704356,0.24882688292143795,0
217,Female,39,51500,0,0,-0.8634023376687124,-0.9018389824077994,0
582,Male,50,29500,1,2,0.7949566139024744,0.26672061451614265,2
694,Female,32,86000,0,0,-0.77429789704843,0.7077971338004908,0
186,Male,35,27000,0,0,-1.485490356034831,-1.048003485302156,0
518,Female,40,135500,1,1,1.6350503482351375,-0.008209955836959732,1
513,Female,20,22500,0,0,-2.2688162289424625,0.16296410153170882,0
147,Male,21,75500,0,0,-1.6745758946998182,-1.2359137082668545,0
491,Female,49,135500,1,1,2.1413205107907567,-0.10482981973277467,1
889,Male,36,51500,0,0,-1.043790074972177,1.3517641992640734,0
907,Male,36,21500,0,0,-1.4175361872005523,1.4500164548625554,0
601,Female,58,132500,1,1,2.6252653489859923,0.27562737357830314,1
875,Female,44,74500,0,0,-0.21915385392659636,1.3427405948279256,0
455,Male,40,135500,1,1,1.542607332803208,-0.29587278729619504,1
526,Male,20,86000,0,0,-1.5574626882518012,0.06166412879134635,0
568,Male,28,21500,0,0,-1.9079601089623826,0.2813710824092503,0
75,Male,23,82500,0,0,-1.4817430258750133,-1.4938914041651414,0
930,Male,48,41000,1,2,0.8645579866092106,1.4563283607776132,2
38,Female,43,76500,0,0,-0.3438575996001605,-1.5519707339404043,0
713,Female,19,21000,0,0,-2.3219276302096787,0.8563347709130326,0
515,Female,30,62000,0,0,-1.2079947392952983,0.11874268755906098,0
146,Male,32,18000,0,0,-1.7724262449140737,-1.1743278414778469,0
991,Female,53,38500,1,2,1.2083967739822195,1.7382452317664212,2
377,Male,44,54500,0,0,-0.6105170923099654,-0.42425482125867037,0
227,Male,37,55000,0,0,-1.017054510203978,-0.9406835733230136,0
406,Male,46,28000,1,2,0.5302336438392665,-0.33826389350298314,2
21,Male,36,62500,0,0,-1.0026333819232374,-1.6612640522026398,0
809,Male,54,70000,1,2,1.5538310900886545,1.0011039378499946,2
630,Female,44,39000,0,0,-0.6910622841523008,0.5386717198136831,0
507,Male,51,92500,1,1,1.6322688436330623,-0.06854002245407684,1
107,Female,47,97500,0,0,0.15319237715415499,-1.3402074372967072,0
966,Female,32,150000,1,1,1.4138407768446462,1.5255989989709136,1
481,Female,62,78500,1,1,2.1619032025228138,-0.0756837840170647,2
816,Female,25,90500,0,0,-1.1004586810803054,1.1265957629715555,0
893,Female,42,61500,0,0,-0.49314747569469,1.4213028727418424,0
986,Male,35,58000,0,0,-1.0081666153199107,1.6795546083674113,0
967,Male,25,22000,0,0,-2.0270429301448485,1.6608187895749138,0
982,Male,41,48500,0,0,-0.7880822254202511,1.6749394188202025,0
803,Female,58,23000,1,2,1.2762637686375735,1.1053015432989464,2
9,Male,46,33500,1,2,0.5549305082181062,-1.7169058463743525,2
822,Male,44,89500,1,1,1.233653710342707,1.026278551278353,1
360,Male,35,108000,0,0,-0.45159795911598144,-0.5439779354429672,0
200,Female,44,74500,0,0,-0.2942889769455059,-0.9900625587353519,0
610,Female,48,96000,1,1,1.6032432551166902,0.3542604217920065,1
593,Female,45,55500,0,0,-0.43193228431274505,0.39060772620776096,0
584,Male,41,60500,0,0,-0.6820842339745157,0.28503189078447044,0
925,Female,54,105500,1,1,2.0968107674209104,1.4292827473099172,1
410,Male,22,18000,0,0,-2.308901805107095,-0.25826734391389433,0
717,Male,18,82000,0,0,-1.699474541615718,0.727301963500813,0
33,Male,30,62500,0,0,-1.3408146913871513,-1.6175868376371034,0
115,Male,40,61000,0,0,-0.7846129094665479,-1.3360675101327069,0
556,Male,41,59000,0,0,-0.7039884359640773,0.19006596854516683,0
636,Male,52,76500,0,0,0.1465517173561355,0.4414777850031153,0
947,Female,21,16000,0,0,-2.2453333918198535,1.670312173231483,0
929,Female,27,81500,0,0,-1.0874330712550535,1.5272024895183829,0
442,Male,29,75000,0,0,-1.1953121651043686,-0.2187318051874319,0
159,Male,29,61000,0,0,-1.4021631283631073,-1.1799605139797533,0
959,Male,27,90000,0,0,-1.0630617170101957,1.550735577290774,0
152,Male,24,23000,0,0,-2.161822817881426,-1.1566589640271645,0
256,Female,37,80000,0,0,-0.6152713158222676,-0.8005617102961459,0
296,Female,26,35000,0,0,-1.7968913531555917,-0.6042124755757837,0
37,Female,22,27000,0,0,-2.152265598928049,-1.488235800873977,0
144,Male,53,72000,1,1,1.4482728868732422,-1.2991745873436928,2
764,Female,27,53500,0,0,-1.4564991691346305,0.9906029453839229,0
51,Male,28,79000,0,0,-1.2453210929048466,-1.574467995034923,0
523,Female,44,74500,0,0,-0.25833542918979063,0.12622695030307546,0
399,Female,43,71500,0,0,-0.36629917528152733,-0.29834568545080087,0
61,Male,59,145500,1,1,2.699137897505256,-1.676536353800846,1
329,Male,24,55000,0,0,-1.7413210224136624,-0.5833932533631526,0
165,Male,31,81500,0,0,-1.0315606066771215,-1.1845897226428415,0
362,Female,37,71000,0,0,-0.7161972333786286,-0.4234119636188744,0
195,Female,52,135500,0,0,0.9218682814347429,-1.083572608821703,0
950,Male,60,83000,1,2,2.0718679041573695,1.4705762971073013,2
644,Male,36,125000,1,1,1.205788070164228,0.3713976613958602,1
188,Female,25,28500,0,0,-1.9469115853629162,-0.9692838832364598,0
787,Female,29,86500,0,0,-0.9274419739994684,1.0297074113508016,0
493,Female,37,57000,0,0,-0.8769653211857693,0.04614526177428058,0
53,Male,60,42000,1,2,1.4584970628167717,-1.5801995259065018,2
409,Female,60,124500,1,1,2.6168660048529953,-0.37904879720172474,1
260,Female,54,108000,1,1,2.0541012336280207,-0.8719640404925258,1
3,Male,20,74000,0,0,-1.7659783808833378,-1.731408646034816,0
223,Female,45,81500,0,0,-0.14746770941541462,-0.9193522843817761,0
344,Female,49,24500,0,0,-0.6215788057293962,-0.434161898887909,0
18,Male,63,44500,1,2,1.6556721663336564,-1.705265949634314,2
109,Male,47,118500,1,1,1.6872720056601085,-1.4737980581899641,1
864,Female,27,44500,0,0,-1.5580929544511595,1.3470166640295214,0
474,Female,38,52500,0,0,-0.8788565189219252,-0.014479727684198144,0
793,Male,55,39000,1,2,1.2203615775330725,0.9826859805687427,2
632,Female,18,86000,0,0,-1.573405635533417,0.49867021397830535,0
300,Female,18,68000,0,0,-1.8358108142347123,-0.6270968342055562,0
323,Male,61,84500,1,2,2.07744938315929,-0.6985083671947925,2
847,Female,28,85000,0,0,-0.9961369563372732,1.2392374266597421,0
326,Female,26,52000,0,0,-1.5806271755663863,-0.5209573659360437,0
204,Female,36,73500,0,0,-0.7590581156013566,-0.9720968563278688,0
619,Male,32,19500,0,0,-1.7009885173787125,0.45856015977724685,0
727,Female,35,25000,0,0,-1.3648905234101025,0.8940325241139715,0
136,Female,54,35500,1,2,1.132236820771421,-1.213401872013749,2
468,Female,40,82500,0,0,-0.39060232284513025,-0.07199498005339582,0
706,Male,43,55500,0,0,-0.6179568604411612,0.7119367698450136,0
483,Female,46,114500,1,1,1.707646697095525,-0.10614435780482212,1
298,Female,24,89000,0,0,-1.2334915909809692,-0.6614449221040591,0
897,Male,37,144000,1,1,1.528510821370981,1.2225713416955393,1
386,Female,46,74000,0,0,-0.1666752233106932,-0.34738000639581,0
447,Male,43,105500,1,1,1.3357256494395626,-0.2885792324193934,1
677,Female,48,52500,1,2,1.0658640242840252,0.6380767834923798,2
304,Male,42,108500,1,1,1.3007969318757362,-0.7860247912409283,1
380,Male,50,89500,1,1,1.5239711636612416,-0.5034806722237899,1
914,Male,30,49000,0,0,-1.4118368139148,1.4433731555235243,0
538,Male,33,31000,0,0,-1.5093811670318693,0.164439322522962,0
650,Male,39,71000,0,0,-0.6563976365126423,0.5012477919407315,0
702,Male,40,54500,0,0,-0.8006856186236941,0.7004168027917745,0
7,Female,51,134000,0,0,0.8255680983433239,-1.7311317521552707,0
305,Female,53,22500,1,2,0.9316373784649326,-0.6133504150530786,2
393,Male,37,100500,1,1,0.9275728420289864,-0.4669909642850229,1
780,Female,40,80500,0,0,-0.38092318035031514,1.0086814223605278,0
654,Male,22,73500,0,0,-1.586604875835499,0.5183160787594283,0
870,Female,41,115500,1,1,1.4803182873231207,1.2319656099398326,1
866,Female,45,82500,1,1,1.2928930517460742,1.2563200742377314,1
12,Male,29,90500,0,0,-1.049038668236827,-1.7234366360674926,0
137,Female,60,89500,1,1,2.1482146649650162,-1.2770305345502226,1
101,Male,38,93500,1,1,0.8639811849127761,-1.4681015482260276,1
623,Female,47,42500,1,2,0.878017135108844,0.4638347814588363,2
290,Male,34,112000,1,1,0.8903866472657131,-0.8356737986539847,1
45,Male,30,17000,0,0,-1.909366024388616,-1.5214477881268402,0
234,Female,44,82500,0,0,-0.1903044688355188,-0.8821701789567916,0
307,Male,29,80500,0,0,-1.141451741864856,-0.6919005340090554,0
562,Male,29,124500,1,1,0.7942948297018244,0.09117869940726639,1
376,Female,37,76500,0,0,-0.6457514274282752,-0.3816359963206039,0
711,Male,50,25500,1,2,0.7592158086782377,0.7173511067309191,2
6,Female,36,45500,0,0,-1.1317974861618578,-1.622744554636533,0
788,Female,59,42000,0,0,0.21289248421030546,1.0756031445752683,0
643,Female,57,33000,1,2,1.3271176927053425,0.5406935983701954,2
310,Male,49,34500,1,2,0.7707187205289594,-0.6789524917532718,2
530,Male,27,31500,0,0,-1.8435262071045289,0.13839570745786212,0
318,Male,49,42500,1,2,0.8718091350115516,-0.6609162334452965,2
859,Female,30,84500,0,0,-0.887891367747335,1.2805751660807505,0
336,Male,38,53500,0,0,-0.9671228908389935,-0.562544381922802,0
709,Female,41,60000,0,0,-0.5890024136126636,0.787567748096057,0
278,Female,43,91500,1,1,1.2269945775741824,-0.7858888714832547,1
413,Female,53,90500,1,1,1.7953583533014188,-0.3218020325574658,1
749,Male,35,55000,0,0,-1.072122363397438,0.8640859182666508,0
594,Male,50,45500,0,0,-0.3595704113189667,0.3343062855023731,0
366,Male,45,56500,0,0,-0.5301053613389732,-0.46504134383400086,0
201,Female,34,61500,0,0,-1.0228642840130757,-0.9673121489082582,0
525,Female,42,72500,0,0,-0.39633513596507663,0.1362769572479271,0
666,Female,19,45500,0,0,-2.020296993332077,0.6644664779370963,0
29,Male,36,40500,0,0,-1.277292682949525,-1.6071836223912035,0
665,Male,48,81500,0,0,-0.01393999920773889,0.5371646642404202,0
444,Female,26,84000,0,0,-1.166692746406942,-0.15159593091682166,0
57,Male,26,88500,0,0,-1.2388381635616166,-1.5644109018119488,0
746,Female,36,54000,0,0,-0.942964709680278,0.924486387343894,0
834,Female,42,80000,1,1,1.0882600915739797,1.1498341849451885,1
995,Male,41,58500,0,0,-0.661385273436927,1.7078527557210084,0
11,Male,40,57000,0,0,-0.8462892460439786,-1.690686106481254,0
653,Female,35,60000,0,0,-0.9347528910251491,0.5962366449692929,0
358,Male,39,101500,1,1,1.0493742856063852,-0.5898876530206306,1
79,Male,35,91000,1,1,0.6604613376742947,-1.5400273907991142,1
671,Female,42,75500,0,0,-0.34250871558343193,0.637249222201638,0
872,Female,42,73500,0,0,-0.3451851266517264,1.3343091060296004,0
672,Male,38,61000,0,0,-0.8357848673923607,0.5896621449750531,0
8,Female,54,26000,1,2,0.9990015653100235,-1.6443564823800225,2
129,Male,47,105000,1,1,1.5204108595483394,-1.3884580875744945,1
328,Male,37,77000,0,0,-0.7302622782013035,-0.6180594938923797,0
161,Male,42,53500,0,0,-0.7602576705210624,-1.1688153051814072,0
368,Male,36,89500,0,0,-0.625833619168858,-0.4944701853906329,0
499,Female,35,23000,0,0,-1.415319479330415,0.10846640367727306,0
308,Male,35,50000,0,0,-1.1838355963546054,-0.6540047801441137,0
771,Male,28,89500,0,0,-1.0336645612565685,0.9012399087396946,0
180,Male,27,33500,0,0,-1.8574351787470753,-1.0736088724899935,0
44,Male,49,142500,0,0,0.7375462833136281,-1.682671578845197,0
265,Female,42,61500,0,0,-0.5630509679256162,-0.7490680612399923,0
855,Male,41,73500,0,0,-0.4890939967530759,1.2059900158968941,0
363,Female,51,32500,1,2,0.9501709903214338,-0.42418181508065783,2
840,Male,36,52000,0,0,-1.0429818330884015,1.181819234147015,0
999,Male,60,131500,1,1,2.684784197604764,1.5816491154353736,1
17,Male,40,57000,0,0,-0.8456213782838107,-1.6699500784495804,0
133,Female,39,65500,0,0,-0.6974026190735885,-1.2089639882195111,0
955,Male,33,101500,1,1,0.7763100827588596,1.4755522946330797,1
894,Male,46,117000,1,1,1.6992777110092805,1.2413353442795338,1
503,Male,35,73000,0,0,-0.8740551122590017,-0.007717733934042344,0
869,Male,60,102000,1,1,2.3008265092173907,1.1678119433941825,1
48,Female,32,135000,1,1,1.1237821517844895,-1.6289912041234136,1
617,Male,19,76000,0,0,-1.729169439889587,0.3885428041899141,0
874,Female,39,128500,1,1,1.530416060888997,1.230905540476845,1
578,Female,38,62500,0,0,-0.7420302392427185,0.3329300343636568,0
312,Female,55,23500,1,2,1.0581138963635082,-0.5910949075669714,2
110,Male,35,113500,1,1,0.9457242744001562,-1.4599243745963966,1
13,Male,29,80000,0,0,-1.1804397573715735,-1.707365171369336,0
734,Female,47,113000,1,1,1.7733845201178207,0.7627474970116639,1
670,Male,41,72000,0,0,-0.5284740718003692,0.5684313601621316,0
603,Female,43,62500,0,0,-0.45631658608847636,0.417492519077139,0
189,Male,44,54500,0,0,-0.6314436154618988,-1.073983699584442,0
559,Male,30,76500,0,0,-1.1069150838416053,0.18345100643799828,0
226,Female,50,146500,1,1,2.3061840879006303,-1.0342547804333249,1
837,Female,52,114000,0,0,0.724042835658031,1.1610140468115169,0
346,Female,28,58500,0,0,-1.3838161630108188,-0.4603818958236113,0
733,Female,36,126000,1,1,1.3136501697405156,0.7477151419422322,1
306,Male,37,52000,0,0,-1.0458358895793194,-0.6640547870889654,0
448,Male,59,135500,1,1,2.616965462866471,-0.3270478219234134,1
585,Male,41,58500,0,0,-0.7070229037150795,0.29089084022331346,0
726,Male,23,20000,0,0,-2.192091281206942,0.8310596612369852,0
391,Male,25,59500,0,0,-1.6214710907348853,-0.37489511584507634,0
56,Female,37,80000,0,0,-0.6375335744945371,-1.491762644685265,0
286,Male,39,122000,1,1,1.2981221780821026,-0.863350173261412,1
482,Female,60,30500,1,2,1.4476426206738842,-0.013822052105518411,2
595,Female,40,142000,1,1,1.7250337561842188,0.25009283341043465,1
100,Male,47,24500,1,2,0.5089210954253667,-1.3919636961932966,2
807,Male,36,74500,0,0,-0.7648428191376664,1.0407379513452146,0
111,Male,38,41500,0,0,-1.1424678180488483,-1.3257277645091763,0
939,Female,55,27500,1,2,1.1780060393689233,1.5710141322091231,2
215,Female,60,28500,1,2,1.392872524312479,-0.9341723547480953,2
449,Male,34,115000,0,0,-0.4106024945521246,-0.24443629990691845,0
55,Male,27,87500,0,0,-1.1949996025012604,-1.5704889651894232,0
288,Female,33,118500,0,0,-0.35584191618780897,-0.7347561418885356,0
817,Female,28,97500,1,1,0.5133486953370995,1.0752017086502028,1
543,Female,29,83000,0,0,-0.9984393963890065,0.1906474247381465,0
752,Female,33,51000,0,0,-1.149630335963123,0.9499294117770083,0
516,Female,53,115500,0,0,0.763685570428524,0.04946681212477569,0
856,Male,38,76500,0,0,-0.6211662364009516,1.2069441826695884,0
50,Male,37,53000,0,0,-1.0618065901628617,-1.5499934554904864,0
627,Male,30,81500,0,0,-1.0367209633082206,0.41245196221305536,0
657,Male,38,145500,1,1,1.5771697709037433,0.3909604854363915,1
4,Female,48,119000,1,1,1.823863393229855,-1.7677122742263447,1
433,Female,33,113000,0,0,-0.40858922649370827,-0.2270273663474563,0
238,Female,50,142500,1,1,2.257419861353116,-0.9879768348361831,1
940,Male,45,79000,0,0,-0.18440039231790004,1.491672209235176,0
193,Male,51,35500,1,2,0.8833926380507278,-1.0852415635884178,2
80,Female,35,72000,0,0,-0.8482343759176494,-1.3984717006569178,0
988,Male,41,79000,0,0,-0.40540214689272214,1.6590305391566909,0
784,Female,53,143000,1,1,2.494216845279018,0.8972984006032937,1
475,Female,55,109500,1,1,2.1534068216401963,-0.13109277101642725,1
240,Female,46,82000,0,0,-0.08272674800574867,-0.8615684675674568,0
969,Female,25,56500,0,0,-1.5092777307727496,1.6962145388164875,0
580,Male,18,52000,0,0,-2.090473904315102,0.2898734949477274,0
945,Male,58,144000,1,1,2.722163420897201,1.3807415111912655,1
74,Female,29,60500,0,0,-1.332456679607138,-1.4031856377767422,0
486,Female,50,20000,1,2,0.7507137237788047,0.01629269077879072,2
937,Female,36,58500,0,0,-0.8653417953219288,1.5791766539599839,0
422,Male,59,62500,1,2,1.6997470615008017,-0.32919645940224385,2
359,Female,48,47500,1,2,0.9678420804103033,-0.4549253402690762,2
446,Female,50,37500,1,2,0.9654486060911973,-0.14297326280938538,2
231,Female,27,85500,0,0,-1.1150283919534234,-0.8898946610334384,0
688,Male,27,16500,0,0,-2.013813880507876,0.7024665313769969,0
370,Female,24,49500,0,0,-1.7202143032789767,-0.36515442657775254,0
699,Female,42,77500,1,1,1.041920590677791,0.6862772351911547,1
122,Male,35,44500,0,0,-1.2734269447631108,-1.2902135510170265,0
183,Female,44,62500,0,0,-0.4464811551362006,-1.0343969695570427,0
484,Male,37,126500,1,1,1.263351923165898,-0.18373282110763983,1
431,Male,63,44500,1,2,1.7016437304918928,-0.27793602012078306,2
697,Male,41,72500,1,1,0.8370564373920484,0.6158055770548758,1
678,Male,47,20000,1,2,0.5168965656618936,0.611013629916777,2
899,Male,27,88000,0,0,-1.0947903756458017,1.3457782417409359,0
28,Female,56,104000,1,1,2.091349399828421,-1.6696862876841725,1
313,Male,38,77500,0,0,-0.6690832781792007,-0.6708678265803196,0
251,Female,31,68000,0,0,-1.1056448034768762,-0.8012189065523003,0
93,Male,50,87500,1,1,1.4669748414326096,-1.4929510683052787,1
125,Male,52,30500,1,2,0.8697846916813845,-1.3146100457805066,2
811,Female,49,97500,1,1,1.700990485021807,1.046747625860867,1
923,Female,38,74500,0,0,-0.5533279568295018,1.5108339775835034,0
352,Female,24,55000,0,0,-1.6533304587161866,-0.433970608781741,0
635,Male,42,124500,1,1,1.5380408182497447,0.3386891970378849,1
519,Female,46,32000,1,2,0.6783421860071144,0.11739328201973716,2
551,Female,41,52500,0,0,-0.7005270268409763,0.2505300528045182,0
374,Male,60,62500,1,2,1.7509902935834987,-0.495452210072664,2
461,Female,40,59500,0,0,-0.6794562837888007,-0.06855314793769485,0
714,Female,22,17500,0,0,-2.1958952632335618,0.8628933496759541,0
776,Female,40,95500,1,1,1.1627690412438592,0.931498144862952,1
295,Male,40,55500,0,0,-0.8334643245047999,-0.7073785710735319,0
276,Female,55,116500,0,0,0.8626681988668466,-0.7819108343596793,0
602,Female,28,18500,0,0,-1.8563200925888197,0.4724141955324093,0
825,Female,27,119500,0,0,-0.623059806120053,1.1221220530649905,0
705,Male,43,65500,0,0,-0.4928182665648959,0.6964660413385811,0
364,Female,41,76500,0,0,-0.4207424662924446,-0.42457815805207716,0
528,Female,37,64500,0,0,-0.7791319970409023,0.1580943824165112,0
103,Male,39,134000,1,1,1.428052097600528,-1.5102166968288404,1
60,Male,48,141000,0,0,0.6639536040679239,-1.6252057691018629,0
480,Male,37,119500,1,1,1.1752317443737141,-0.18914653311128132,1
73,Male,60,76500,1,2,1.8928354615192102,-1.5525302296965702,2
301,Male,37,53500,0,0,-1.0276049602706823,-0.6831370190238663,0
839,Female,38,79500,1,1,0.8562094561261382,1.169185050164767,1
400,Male,30,15000,0,0,-1.8949004962792628,-0.29216318481925646,0
340,Female,53,22500,1,2,0.9355332737325797,-0.49239025153498267,2
691,Female,58,27500,1,2,1.3201593611074343,0.7128223943155203,2
247,Female,43,144500,1,1,1.8873684248790015,-0.9567030526363494,1
64,Female,40,80500,1,1,0.8956405426161399,-1.5111550958105817,1
24,Female,37,93000,1,1,0.8779919498515942,-1.66331110823042,1
842,Male,30,80000,0,0,-1.0315765210109749,1.1572951752565315,0
497,Female,45,72500,0,0,-0.2296933296870693,0.0384062471823558,0
831,Female,45,22000,1,2,0.5312352302021865,1.2080489899182818,2
436,Female,23,48000,0,0,-1.7882414178566133,-0.13488838323713853,0
67,Female,38,50000,0,0,-0.9554726916124002,-1.418069948207434,0
737,Male,26,23500,0,0,-1.977270867678473,0.8637679800352216,0
983,Female,33,87500,0,0,-0.6667552733275148,1.7044127490005636,0
218,Female,27,54000,0,0,-1.5110126400514445,-0.896976341690097,0
166,Male,43,67500,0,0,-0.5277650726527369,-1.1687234216069924,0
454,Male,59,130000,1,1,2.548745882783344,-0.299703695782772,1
437,Male,42,53500,0,0,-0.7295357535533307,-0.2149580157244228,0
732,Female,31,118000,1,1,0.9304080634912444,0.7557085484230339,1
281,Male,39,72500,0,0,-0.6786840179875353,-0.7758201405823666,0
827,Male,31,66000,0,0,-1.1520098834848305,1.121908192128598,0
589,Male,35,38000,0,0,-1.3028570091236187,0.33155020127398344,0
723,Female,60,84500,0,0,0.7945555212767724,0.799532738185203,0
909,Male,38,56500,0,0,-0.8657665481920533,1.414141877951679,0
544,Male,61,146500,1,1,2.8785985910438328,-0.009222622468634988,1
992,Male,26,34500,0,0,-1.8111115921847403,1.7318329751634134,0
638,Male,39,127500,1,1,1.4061912011885915,0.3465553731544702,1
812,Male,36,28500,0,0,-1.3404358264511418,1.1132857043435826,0
403,Male,45,67500,0,0,-0.38821194779801416,-0.35038536718994956,0
656,Female,48,35000,1,2,0.8443391530765904,0.5865264520918746,2
250,Male,41,63500,0,0,-0.6816872344063176,-0.8728780867957048,0
564,Male,21,87500,0,0,-1.4778591991645844,0.1908225713330744,0
598,Female,42,90000,1,1,1.187240531510328,0.3222023585315408,1
62,Male,25,20500,0,0,-2.1465671364123122,-1.465063229960678,0
40,Male,26,86000,0,0,-1.2720429318411661,-1.6201593002764025,0
767,Male,37,72000,0,0,-0.7440215730004853,0.9051339190089807,0
202,Female,40,72500,0,0,-0.5454610320488752,-0.9792774989564373,0
591,Female,60,108000,1,1,2.430462316714877,0.2697683474192773,1
207,Male,19,53500,0,0,-2.0566193567993993,-1.0013859826801843,0
696,Female,54,83500,1,1,1.795770689867983,0.6642900698702472,1
984,Male,36,60500,0,0,-0.920490587450185,1.669271391647867,0
586,Female,41,67500,0,0,-0.5087562738188894,0.3534681305708835,0
626,Female,37,33000,0,0,-1.1627606915758137,0.5346292203458136,0
724,Male,54,73500,1,2,1.5882070969623092,0.7031383873925481,2
354,Male,41,53500,0,0,-0.7953607650663641,-0.5014388770788758,0
884,Male,56,60000,1,2,1.5501018802492124,1.271583959246338,2
758,Male,43,150500,1,1,1.933968034938261,0.7321719633004954,1
545,Male,49,119500,1,1,1.8615010684107018,0.031083453560803994,1
908,Female,39,61000,0,0,-0.6674988240448761,1.4748462582638453,0
248,Female,23,82000,0,0,-1.3833182634318166,-0.8254673226001665,0
355,Female,31,63500,0,0,-1.150430886293628,-0.436387794944439,0
289,Male,35,75000,0,0,-0.8728257480044048,-0.7497056784972975,0
804,Female,48,145500,1,1,2.2448246766184434,0.9652524451687416,1
618,Male,39,77000,0,0,-0.5848096547984294,0.38344680813778026,0
916,Female,42,73500,0,0,-0.3402874297438271,1.4863733115952067,0
292,Female,33,118500,1,1,1.0008659379988163,-0.7662692962588158,1
488,Female,47,49000,1,2,0.9444025488653194,-0.01053541974623579,2
52,Male,40,71000,1,1,0.6898869932344935,-1.611147701357829,1
815,Female,23,28500,0,0,-1.990291752753435,1.1983660989074922,0
473,Male,41,58500,0,0,-0.7194897685715504,-0.09618168303459329,0
337,Female,35,47000,0,0,-1.1327521364478497,-0.4802416903806825,0
639,Female,40,148500,1,1,1.8113438914523752,0.39434746848362434,1
932,Male,36,76500,0,0,-0.7258789264335725,1.470335590571517,0
274,Male,46,23500,1,2,0.4591780957892367,-0.7890498844742829,2
451,Male,31,108500,1,1,0.6947117761953958,-0.2739493138775787,1
63,Female,55,140500,1,1,2.4958212748011634,-1.5922123397449226,1
291,Female,52,41500,1,2,1.1114676660161222,-0.6841949293288108,2
155,Male,40,47000,0,0,-0.9555103249695711,-1.181006709886601,0
751,Male,45,106500,1,1,1.4952616214664582,0.7601096626345559,1
860,Male,36,60000,0,0,-0.9405556830854733,1.2413275485183375,0
789,Male,42,73500,0,0,-0.4398543679508832,0.9775261811314531,0
303,Male,52,91500,1,1,1.6536225234344264,-0.7727310295645614,1
232,Male,36,118000,1,1,1.0722528836806142,-1.0440659567615844,1
181,Female,47,30000,1,2,0.6722551619810954,-1.0487008787480083,2
560,Male,43,66500,0,0,-0.4964334135853286,0.19414389152302086,0
343,Female,58,123500,1,1,2.4838221206461006,-0.6052085803326225,1
501,Female,57,122000,1,1,2.426035645057708,-0.05699010717301356,1
464,Female,49,31500,1,2,0.835716092105884,-0.07318881799664093,2
319,Male,49,75500,1,1,1.2852451333646806,-0.6971088174271581,1
952,Male,37,145500,1,1,1.5534204282812991,1.410849390077374,1
356,Female,42,64500,0,0,-0.5153466686788456,-0.4381760532432891,0
779,Male,45,22000,1,2,0.44001663899723154,0.9584022098504477,2
14,Male,47,60500,0,0,-0.4060146262062335,-1.6870959307267084,0
192,Male,39,35500,0,0,-1.1520153722243136,-1.0389500781979224,0
581,Female,35,26500,0,0,-1.3623544864654151,0.3876536334347415,0
494,Female,22,69500,0,0,-1.569084240891,0.04009575790859049,0
981,Male,37,34500,0,0,-1.1898881006072564,1.689774133184665,0
412,Female,61,97500,1,1,2.3356113689391296,-0.3366085552498046,1
505,Female,33,60000,0,0,-1.064399310770712,0.0854830063554078,0
16,Male,55,152500,1,1,2.555459126266567,-1.8389967650544128,1
508,Male,36,54500,0,0,-1.0486247061919622,0.03142200210245506,0
211,Male,39,62500,0,0,-0.8117257136924563,-1.0057257437840712,0
818,Male,48,35500,1,2,0.783203673909445,1.0758639356286746,2
823,Female,32,117000,1,1,0.9845985748342061,1.0710389195365004,1
106,Male,33,19500,0,0,-1.701505036709042,-1.3147377633478752,0
900,Female,21,83500,0,0,-1.4051281627128576,1.4267805677672525,0
561,Male,39,72500,0,0,-0.6475168558463582,0.19186116756240046,0
797,Female,41,72000,0,0,-0.4289071335933131,1.0772784906258854,0
989,Female,24,27000,0,0,-1.9331248993199626,1.8011455939841674,0
558,Female,51,140500,1,1,2.3245756683588636,0.11998007853627368,1
441,Male,38,71000,0,0,-0.7362478709892055,-0.2206896580788666,0
963,Female,52,21000,1,2,0.9295065495572135,1.6628703940793281,2
457,Male,34,43000,0,0,-1.311511321426545,-0.13028225092304724,0
802,Male,48,106500,1,1,1.670697019920012,0.935263321652687,1
470,Female,29,28000,0,0,-1.695439599237331,0.004440064775796487,0
707,Female,59,102500,1,1,2.317900804737457,0.6776405138909657,1
712,Female,29,47000,0,0,-1.4305274464215942,0.8179652201011054,0
283,Female,50,49500,0,0,-0.25865785753633025,-0.6753825198798395,0
280,Male,38,75500,0,0,-0.6978065318940505,-0.7825130359876268,0
388,Female,36,61500,0,0,-0.8888767238264206,-0.3217743280884947,0
781,Female,28,59000,0,0,-1.3291332551401511,1.0423794002809987,0
608,Male,43,59500,0,0,-0.5787654051227225,0.36844242246055037,0
766,Male,57,74000,1,2,1.7689031890340923,0.8465872681714443,2
177,Male,36,109500,0,0,-0.39659426586162233,-1.1785965254012156,0
404,Female,49,139500,1,1,2.18173639033617,-0.41030811572583636,1
968,Female,34,52500,0,0,-1.0502134366575862,1.6942566859250527,0
212,Female,47,141500,1,1,2.0722422547166333,-1.0755289046722252,1
539,Female,35,65000,0,0,-0.8848174258835295,0.19624475045025147,0
886,Male,50,107500,1,1,1.8057445074074112,1.2236311888786053,1
748,Female,41,73500,0,0,-0.41557390119257515,0.9061320531253778,0
735,Male,50,90500,1,1,1.5760116633214827,0.722199513933448,1
173,Female,56,145500,1,1,2.6272766438197666,-1.218426714165182,1
592,Female,35,57000,0,0,-0.9791178514710793,0.3890247771309577,0
255,Male,40,78000,0,0,-0.5561044896075942,-0.8726518865789515,0
824,Female,49,34500,1,2,0.913363129266857,1.1673684467534278,2
631,Male,25,90000,0,0,-1.212744169560801,0.41790109772668144,0
197,Male,36,33000,0,0,-1.3525298145420386,-1.0175637946284783,0
405,Female,48,138000,1,1,2.1064740416900456,-0.40468237606168617,1
798,Male,42,54000,0,0,-0.6830898813914028,1.0320589346562135,0
185,Male,51,76500,1,1,1.396026758899306,-1.1621499686853796,1
492,Male,49,65000,0,0,-0.1832730223250941,-0.04126737609629583,0
731,Male,46,80500,0,0,-0.132290792690936,0.7671974978063413,0
980,Male,27,20000,0,0,-1.9374735160369931,1.707414742243041,0
660,Male,39,52500,0,0,-0.8869968481428379,0.5580350777539884,0
479,Female,35,97000,1,1,0.8655662020707745,-0.09489981919490534,1
680,Male,47,34000,1,2,0.6924690554860935,0.6011050258923863,2
830,Female,52,38000,1,2,1.1276269863285193,1.1827967421919363,2
150,Female,49,30500,1,2,0.7882393554734582,-1.1571728126041094,2
760,Female,36,26500,0,0,-1.2858435907896923,1.0059109432959716,0
857,Male,26,80500,0,0,-1.2499890530082398,1.2100046148121177,0
927,Female,38,34500,0,0,-1.0538823323345625,1.5727168916092338,0
154,Female,48,50500,1,2,0.982598236822115,-1.1670107151682694,2
1,Male,32,100000,1,1,0.5947454489526485,-1.8193064274108146,1
933,Female,40,75000,0,0,-0.43278000030932356,1.544058235277172,0
424,Female,42,81500,0,0,-0.2948526619419088,-0.22359276606961648,0
814,Male,41,62500,0,0,-0.6314326554674803,1.0775100205650605,0
184,Female,24,83500,0,0,-1.3150685262674575,-1.0488213565968891,0
962,Male,52,150000,1,1,2.45968861100187,1.4344899148158379,1
611,Female,48,133500,1,1,2.0730417107961516,0.3126612120846259,1
114,Male,41,52000,0,0,-0.8408629612485314,-1.3290777897706456,0
39,Male,19,83500,0,0,-1.6995699385752259,-1.6180389390705057,0
721,Male,29,148000,1,1,1.106330602494901,0.6124488412355716,1
642,Female,58,101000,1,1,2.2352919107294835,0.4551699452067067,1
844,Female,36,48500,0,0,-1.0009436507741605,1.2697829433035306,0
440,Male,63,85500,1,2,2.2161701433276138,-0.29609234579466936,2
577,Female,35,44000,0,0,-1.1436123975920143,0.35280384803660686,0
757,Male,22,81000,0,0,-1.48120238374206,0.8652735170939595,0
65,Female,24,32000,0,0,-1.9733515818010348,-1.398210084810807,0
124,Female,39,71000,0,0,-0.629516972870546,-1.246676128375989,0
794,Female,31,15000,0,0,-1.7090272685806853,1.1390696666369398,0
998,Female,60,77500,1,1,2.0937538023455846,1.7130071565963203,2
287,Male,32,59500,0,0,-1.2369442460961737,-0.7368922866466391,0
82,Female,46,23500,1,2,0.5232367314140229,-1.3826682443611744,2
695,Female,39,79000,0,0,-0.46575830022551534,0.7170907602373565,0
946,Male,39,60500,0,0,-0.7549618941057912,1.5368406348628398,0
676,Male,42,54000,0,0,-0.6966698591814873,0.6104263646788503,0
649,Female,28,87000,0,0,-0.9931266113888947,0.5525455568476163,0
477,Female,45,77500,0,0,-0.16929460296948298,-0.03672120817379963,0
572,Male,48,33000,1,2,0.7245086194501469,0.22869046728867926,2
832,Female,31,71000,0,0,-1.0033979704830454,1.2031153906977452,0
302,Male,33,121500,1,1,0.9541236185331528,-0.8052482038163687,1
420,Female,27,84000,0,0,-1.112778043283573,-0.23490756946054753,0
971,Male,25,56500,0,0,-1.5944855121361916,1.633192011033716,0
382,Female,30,48500,0,0,-1.3918865132913532,-0.32468605663314587,0
168,Female,24,67500,0,0,-1.5172493552326414,-1.0848938732128395,0
476,Female,54,136500,0,0,1.0788440937143278,-0.11437182122250242,0
951,Female,53,104000,1,1,2.0243312011088195,1.5213086037727075,1
863,Male,38,59000,0,0,-0.8395743913942688,1.2521619820835597,0
800,Female,47,23500,0,0,-0.6965181948016678,1.143712756736795,0
407,Female,28,138500,1,1,0.9812356762544159,-0.3910205745688886,1
299,Female,48,134000,1,1,2.0445750825258924,-0.7662129817541247,1
687,Female,44,73500,0,0,-0.25260536759549235,0.6942131888856018,0
